rank,title,severity,surface,effort,effort_days,pxl_score,pxl_max,verified,impact,summary,problem,recommended_change,evidence,analysts_agreeing,opportunity_low,opportunity_high,opportunity_basis,sample_per_variant,test_days,detail_page
1,Missing security headers,MEDIUM,Site-Wide Security,Medium,2-5 days,6,10,yes,trust,"All six standard security headers are missing, leaving the site vulnerable to common attacks.","All six standard security headers are missing, leaving the site vulnerable to common attacks.",notes: Add the missing headers at the CDN or web-server layer; HSTS and X-Content-Type-Options are one-line changes.,"Measured on the live origin: missing HSTS, CSP, X-Content-Type-Options, X-Frame-Options, Referrer-Policy, Permissions-Policy.",Technical & Accessibility,0.1,0.4,"per 1,000 visitors at an assumed 2.00% baseline conversion rate and a 0.5-2.0% relative lift",1941808,,finding_1_missing_security_headers.html
2,Missing value proposition,HIGH,Homepage,Low,0.5-2 days,5,10,no,conversion,"The homepage headline is a placeholder, so visitors have no idea what is offered or why it matters.","The homepage headline is a placeholder, so visitors have no idea what is offered or why it matters.",h1: Explicit product/service and key benefit; cta: Descriptive CTA naming the outcome; notes: Add a headline and supporting copy that clearly states the offering and its benefit.,This domain is for use in documentation examples without needing permission. Avoid use in operations.,Message Clarity,0.2,1.0,"per 1,000 visitors at an assumed 2.00% baseline conversion rate and a 1.0-5.0% relative lift",315206,,finding_2_missing_value_proposition.html
3,No trust signals,HIGH,Homepage,Medium,2-5 days,5,10,no,trust,"The homepage lacks reviews, guarantees, or security badges, so first-time visitors have no reason to trust the site.","The homepage lacks reviews, guarantees, or security badges, so first-time visitors have no reason to trust the site.","h1: Explicit product/service and key benefit; cta: Descriptive CTA naming the outcome; notes: Add customer testimonials, trust badges, or a satisfaction guarantee near the primary CTA.",This domain is for use in documentation examples without needing permission.,Trust & Social Proof,0.2,1.0,"per 1,000 visitors at an assumed 2.00% baseline conversion rate and a 1.0-5.0% relative lift",315206,,finding_3_no_trust_signals.html
4,Generic CTA without context,MEDIUM,Homepage,Low,0.5-2 days,5,10,no,conversion,The only call-to-action 'Learn more' gives no indication of what will be learned or what action follows.,The only call-to-action 'Learn more' gives no indication of what will be learned or what action follows.,h1: Explicit product/service and key benefit; cta: Descriptive CTA naming the destination or outcome; notes: Replace generic CTA with a descriptive label.,,Message Clarity,0.1,0.4,"per 1,000 visitors at an assumed 2.00% baseline conversion rate and a 0.5-2.0% relative lift",1941808,,finding_4_generic_cta_without_context.html
5,Weak page metadata,MEDIUM,Site-Wide Seo,Medium,2-5 days,5,10,yes,traffic,"Search and social previews are degraded due to missing or poor metadata, reducing organic traffic.","Search and social previews are degraded due to missing or poor metadata, reducing organic traffic.",notes: Write a 15-60 char title and 70-160 char description per page; add og:title and og:image for link previews.,"Measured on the homepage: title 0 chars (15-60 recommended); description 0 chars (70-160 recommended); og:title missing, og:image missing.",Technical & Accessibility,0.1,0.4,"per 1,000 visitors at an assumed 2.00% baseline conversion rate and a 0.5-2.0% relative lift",1941808,,finding_5_weak_page_metadata.html
6,Missing trust signals above the fold,HIGH,Trust & Proof,Medium,2-5 days,5,10,yes,trust,"The homepage shows no sign of returns policy, guarantee, reviews, security badge, so a first-time visitor has nothing to offset purchase risk.","The homepage shows no sign of returns policy, guarantee, reviews, security badge, so a first-time visitor has nothing to offset purchase risk.","notes: Surface review counts, the returns window and a guarantee near the primary call to action.","Measured on the live homepage: no match for returns policy, guarantee, reviews, security badge.",Technical & Accessibility,0.2,1.0,"per 1,000 visitors at an assumed 2.00% baseline conversion rate and a 1.0-5.0% relative lift",315206,,finding_6_missing_trust_signals_above_the_fold.html
7,No responsive viewport,URGENT,Mobile,Medium,2-5 days,4,10,yes,conversion,"Without a viewport meta tag, mobile users see a scaled-down desktop layout, making the site unusable on mobile.","Without a viewport meta tag, mobile users see a scaled-down desktop layout, making the site unusable on mobile.","notes: Add <meta name=""viewport"" content=""width=device-width, initial-scale=1"">","Measured on the mobile render: no <meta name=""viewport""> present.",Technical & Accessibility,0.4,1.6,"per 1,000 visitors at an assumed 2.00% baseline conversion rate and a 2.0-8.0% relative lift",124891,,finding_7_no_responsive_viewport.html
8,No responsive viewport declared,URGENT,Mobile,Medium,2-5 days,4,10,yes,conversion,"Without a viewport meta tag mobile browsers render the desktop layout scaled down, making every tap target too small.","Without a viewport meta tag mobile browsers render the desktop layout scaled down, making every tap target too small.","notes: Add <meta name=""viewport"" content=""width=device-width, initial-scale=1"">","Measured on the mobile render: no <meta name=""viewport""> present.",Technical & Accessibility,0.4,1.6,"per 1,000 visitors at an assumed 2.00% baseline conversion rate and a 2.0-8.0% relative lift",124891,,finding_8_no_responsive_viewport_declared.html
9,Missing trust signals above fold,HIGH,Trust & Proof,Medium,2-5 days,4,10,yes,trust,"The homepage shows no returns policy, guarantee, reviews, or security badge, increasing perceived risk.","The homepage shows no returns policy, guarantee, reviews, or security badge, increasing perceived risk.","notes: Surface review counts, the returns window and a guarantee near the primary call to action.","Measured on the live homepage: no match for returns policy, guarantee, reviews, security badge.",Technical & Accessibility,0.2,1.0,"per 1,000 visitors at an assumed 2.00% baseline conversion rate and a 1.0-5.0% relative lift",315206,,finding_9_missing_trust_signals_above_fold.html
